StartDate,EndDate,Status,IPAddress,Progress,Duration (in seconds),Finished,RecordedDate,ResponseId,RecipientLastName,RecipientFirstName,RecipientEmail,ExternalReference,LocationLatitude,LocationLongitude,DistributionChannel,UserLanguage,Q1,Q1_6_TEXT,Q2,Q2_13_TEXT,Q3,Q4,Q4_7_TEXT,Q5,Q5_10_TEXT,Q7,Q8,Q8_5_TEXT,Q9,Q9_5_TEXT,Q10_1,Q10_2,Q10_3,Q11_1,Q11_2,Q11_3,Q11_4,Q11_5,Q12,Q12_5_TEXT,Q13,Q15,Q15_5_TEXT,Q16,Q17,Q17_5_TEXT,Q21,Q20,Q19_1,Q19_2,Q19_3,Q23,Q25
Start Date,End Date,Response Type,IP Address,Progress,Duration (in seconds),Finished,Recorded Date,Response ID,Recipient Last Name,Recipient First Name,Recipient Email,External Data Reference,Location Latitude,Location Longitude,Distribution Channel,User Language,What is your gender? - Selected Choice,What is your gender? - Other (please specify) - Text,"What is your primary field of work/study?
(Select the option that most closely matches your area.) - Selected Choice","What is your primary field of work/study?
(Select the option that most closely matches your area.) - Other (please specify) - Text",What is your familiarity with AI tools?,Which AI tools have you used in the past? (Select all that apply and add manually if needed.) - Selected Choice,Which AI tools have you used in the past? (Select all that apply and add manually if needed.) - Other (please specify) - Text,What is the primary purpose for which you use AI tools? - Selected Choice,What is the primary purpose for which you use AI tools? - Other (please specify) - Text,"For writing tasks, what specific activities do you use AI for?","For learning purposes, what do you most frequently use AI tools for? - Selected Choice","For learning purposes, what do you most frequently use AI tools for? - Other (please specify) - Text","For professional or entrepreneurial purposes, what do you use AI for? - Selected Choice","For professional or entrepreneurial purposes, what do you use AI for? - Other (please specify) - Text","Do you prefer using AI tools for accomplishing new tasks or for tasks you have already done several times? 

Note: Distribute a percentage to each option (total must equal 100%) (For 0%, please also move the scale to 0%) - I prefer using AI tools to accomplish a new task I’ve never done before to gain insights on how to solve it.","Do you prefer using AI tools for accomplishing new tasks or for tasks you have already done several times? 

Note: Distribute a percentage to each option (total must equal 100%) (For 0%, please also move the scale to 0%) - I prefer using AI tools to accomplish tasks I’ve done many times before, but in a quicker or more productive manner.","Do you prefer using AI tools for accomplishing new tasks or for tasks you have already done several times? 

Note: Distribute a percentage to each option (total must equal 100%) (For 0%, please also move the scale to 0%) - Both equally","How much do you use AI tools? (Provide percentages totaling 100%) (For 0%, please also move the scale to 0%) - Work-related tasks","How much do you use AI tools? (Provide percentages totaling 100%) (For 0%, please also move the scale to 0%) - Personal life tasks","How much do you use AI tools? (Provide percentages totaling 100%) (For 0%, please also move the scale to 0%) - Learning or educational purposes","How much do you use AI tools? (Provide percentages totaling 100%) (For 0%, please also move the scale to 0%) - Creative or artistic tasks","How much do you use AI tools? (Provide percentages totaling 100%) (For 0%, please also move the scale to 0%) - Other (please specify)",When do you typically use AI tools? (Select all that apply) - Selected Choice,When do you typically use AI tools? (Select all that apply) - Other (please specify) - Text,"How often do you use AI tools for technical or data-intensive tasks (e.g., coding, debugging, algorithm design)?",How would you describe your attitude toward AI tools? - Selected Choice,How would you describe your attitude toward AI tools? - Other (please specify) - Text,Do you have concerns about using AI tools in your work or daily life?,What are your main concerns about AI tools? - Selected Choice,What are your main concerns about AI tools? - Other (please specify) - Text,How likely are you to trust the AI results? (Please provide a percentage),"How satisfied are you when you use an AI tool, and it provides you with an answer/output?",How frequently do you engage in the following behaviors when interacting with AI tools? - How often do you critically reflect on the AI tool's output/answer?,How frequently do you engage in the following behaviors when interacting with AI tools? - How often do you reprompt or redirect an AI tool to give you the desired outcome?,How frequently do you engage in the following behaviors when interacting with AI tools? - How often do you use polite language in prompting/chatting with the AI tool?,How much do you take ethical concerns into consideration when using an AI tool?,What features would you like to see in AI tools to better support your needs?
"{""ImportId"":""startDate"",""timeZone"":""America/Denver""}","{""ImportId"":""endDate"",""timeZone"":""America/Denver""}","{""ImportId"":""status""}","{""ImportId"":""ipAddress""}","{""ImportId"":""progress""}","{""ImportId"":""duration""}","{""ImportId"":""finished""}","{""ImportId"":""recordedDate"",""timeZone"":""America/Denver""}","{""ImportId"":""_recordId""}","{""ImportId"":""recipientLastName""}","{""ImportId"":""recipientFirstName""}","{""ImportId"":""recipientEmail""}","{""ImportId"":""externalDataReference""}","{""ImportId"":""locationLatitude""}","{""ImportId"":""locationLongitude""}","{""ImportId"":""distributionChannel""}","{""ImportId"":""userLanguage""}","{""ImportId"":""QID1""}","{""ImportId"":""QID1_6_TEXT""}","{""ImportId"":""QID2""}","{""ImportId"":""QID2_13_TEXT""}","{""ImportId"":""QID3""}","{""ImportId"":""QID4""}","{""ImportId"":""QID4_7_TEXT""}","{""ImportId"":""QID5""}","{""ImportId"":""QID5_10_TEXT""}","{""ImportId"":""QID7""}","{""ImportId"":""QID8""}","{""ImportId"":""QID8_5_TEXT""}","{""ImportId"":""QID9""}","{""ImportId"":""QID9_5_TEXT""}","{""ImportId"":""QID10_1""}","{""ImportId"":""QID10_2""}","{""ImportId"":""QID10_3""}","{""ImportId"":""QID11_1""}","{""ImportId"":""QID11_2""}","{""ImportId"":""QID11_3""}","{""ImportId"":""QID11_4""}","{""ImportId"":""QID11_5""}","{""ImportId"":""QID12""}","{""ImportId"":""QID12_5_TEXT""}","{""ImportId"":""QID13""}","{""ImportId"":""QID15""}","{""ImportId"":""QID15_5_TEXT""}","{""ImportId"":""QID16""}","{""ImportId"":""QID17""}","{""ImportId"":""QID17_5_TEXT""}","{""ImportId"":""QID21_TEXT""}","{""ImportId"":""QID20""}","{""ImportId"":""QID19_1""}","{""ImportId"":""QID19_2""}","{""ImportId"":""QID19_3""}","{""ImportId"":""QID23""}","{""ImportId"":""QID25_TEXT""}"
2024-12-02 11:01:15,2024-12-02 11:19:53,IP Address,77.119.197.199,100,1117,True,2024-12-02 11:19:53,R_8QawJ2HpNFWpwvg,,,,,48.1436,16.2941,anonymous,EN,Female,,Marketing and Advertising,,3 - Intermediate,"ChatGPT,AI-based writing assistants (e.g., Grammarly)",,"Learning complex topics,Writing tasks (e.g., emails, resumes, essays, reports),Brainstorming ideas,Mental health support,Professional development (e.g., career advice, networking tips)",,"Grammar and spelling checks,Rephrasing and proofreading,Creating outlines,Communicative writing (e.g., emails, letters)",Acting as a tutor for specific subjects,,"Productivity enhancement (e.g., scheduling, organizing)",,70,30,0,0,10,90,0,0,"During personal free time,When solving specific problems or challenges",,2 - Rarely,Cautiously optimistic,,"Yes ","Ethical implications (e.g., bias, misuse),Over-reliance on AI",,70,Somewhat satisfied,3 - Sometimes,3 - Sometimes,4 - Often,3 - Moderately,read files better
2024-12-02 12:44:07,2024-12-02 12:50:28,IP Address,172.226.131.32,100,380,True,2024-12-02 12:50:28,R_38zDK3CVFWSMQHO,,,,,48.2049,16.3662,anonymous,EN,Male,,Law and Legal Studies,,2 - Beginner,ChatGPT,,"Learning complex topics,Writing tasks (e.g., emails, resumes, essays, reports),Brainstorming ideas",,"Grammar and spelling checks,Rephrasing and proofreading,Communicative writing (e.g., emails, letters)",Summarizing information,,,,0,0,100,10,4,10,0,0,"During work hours,During personal free time",,1 - Never,Cautiously optimistic,,No,,,30,Somewhat satisfied,5 - Always,5 - Always,5 - Always,2 - Slightly,"As precisely as possible. "
2024-12-02 13:02:44,2024-12-02 13:09:06,IP Address,62.46.239.233,100,381,True,2024-12-02 13:09:06,R_8h9i2gbKp4tHrxO,,,,,48.3003,16.3441,anonymous,EN,Female,,Education and Teaching,,2 - Beginner,ChatGPT,,"Brainstorming ideas,Creative projects (e.g., art, music, storytelling),Entertainment (e.g., games, trivia)",,,,,,,,100,,40,40,10,9,1,"During work hours,During personal free time,When solving specific problems or challenges,Whenever inspiration or need arises",,1 - Never,Cautiously optimistic,,"Yes ","Privacy and data security,Over-reliance on AI",,50,Extremely dissatisfied,5 - Always,5 - Always,5 - Always,4 - Significantly,"Image Designer that works "
2024-12-02 13:20:52,2024-12-02 13:26:43,IP Address,41.66.123.197,100,350,True,2024-12-02 13:26:43,R_8MeOuDfe5u2R0Yh,,,,,48.2372,16.3771,anonymous,EN,Female,,"Media, Communication, and Journalism",,3 - Intermediate,"ChatGPT,MidJourney,AI-based writing assistants (e.g., Grammarly)",,"Writing tasks (e.g., emails, resumes, essays, reports),Brainstorming ideas,Mental health support",,"Grammar and spelling checks,Rephrasing and proofreading,Communicative writing (e.g., emails, letters)",,,,,80,20,,100,60,40,1,1,"During work hours,When solving specific problems or challenges",,1 - Never,Cautiously optimistic,,No,,,70,Extremely dissatisfied,3 - Sometimes,3 - Sometimes,5 - Always,3 - Moderately,i don‘t know
2024-12-02 13:23:56,2024-12-02 13:31:43,IP Address,178.232.179.214,100,467,True,2024-12-02 13:31:44,R_21Y00LANGbS0Jqe,,,,,59.9016,10.7343,anonymous,EN,Female,,Marketing and Advertising,,4 - Advanced,"ChatGPT,DALL-E,AI-based writing assistants (e.g., Grammarly)",,"Learning complex topics,Writing tasks (e.g., emails, resumes, essays, reports),Brainstorming ideas,Data analysis or pattern discovery,Professional development (e.g., career advice, networking tips)",,"Grammar and spelling checks,Rephrasing and proofreading,Communicative writing (e.g., emails, letters)",Summarizing information,,Other (please specify),"I do not use if for professional purpose, as I currently to not work.",59,41,,0,20,80,0,0,"During personal free time,When solving specific problems or challenges",,3 - Occasionally,Excited about their potential,,No,,,60,Somewhat satisfied,4 - Often,4 - Often,2 - Rarely,3 - Moderately,"Can't think of anything right now. "
2024-12-02 13:24:52,2024-12-02 13:32:07,IP Address,91.65.26.157,100,434,True,2024-12-02 13:32:07,R_8fkc712KBQHRHQj,,,,,52.4608,13.566,anonymous,EN,Female,,"Social Sciences (e.g., psychology, sociology, political science)",,3 - Intermediate,"ChatGPT,AI-based writing assistants (e.g., Grammarly),AI-based analytics tools (e.g., Tableau with AI features)",,"Learning complex topics,Writing tasks (e.g., emails, resumes, essays, reports),Data analysis or pattern discovery",,"Grammar and spelling checks,Rephrasing and proofreading",Summarizing information,,,,80,20,0,70,10,90,0,0,"During personal free time,When solving specific problems or challenges",,4 - Frequently,Cautiously optimistic,,No,,,30,Somewhat satisfied,5 - Always,3 - Sometimes,5 - Always,4 - Significantly,"Do not know "
2024-12-02 14:30:48,2024-12-02 14:34:27,IP Address,94.123.214.75,100,218,True,2024-12-02 14:34:28,R_2qXGyENZsh93JJv,,,,,41.03,28.9601,anonymous,EN,Female,,"Science, Technology, Engineering, and Mathematics",,4 - Advanced,"ChatGPT,AI-based writing assistants (e.g., Grammarly)",,"Writing tasks (e.g., emails, resumes, essays, reports),Automating repetitive tasks (e.g., debugging, scheduling)",,"Rephrasing and proofreading,Creating outlines",,,,,29,52,0,100,13,50,50,24,When solving specific problems or challenges,,1 - Never,Neutral,,No,,,40,Neither satisfied nor dissatisfied,4 - Often,4 - Often,4 - Often,5 - Completely,Kaynakça gösterimi
2024-12-02 14:30:59,2024-12-02 14:34:53,IP Address,95.70.154.98,100,234,True,2024-12-02 14:34:53,R_8CBHoxjZJjRRamd,,,,,41.0551,28.9347,anonymous,EN,Male,,Business and Management,,3 - Intermediate,"ChatGPT,MidJourney,AI-based writing assistants (e.g., Grammarly)",,"Writing tasks (e.g., emails, resumes, essays, reports),Brainstorming ideas",,"Grammar and spelling checks,Rephrasing and proofreading,Communicative writing (e.g., emails, letters)",,,,,74,82,77,100,18,27,1,0,"During work hours,During personal free time",,1 - Never,Cautiously optimistic,,No,,,80,Somewhat dissatisfied,3 - Sometimes,3 - Sometimes,5 - Always,1 - Not at all,-
2024-12-02 15:31:23,2024-12-02 15:34:44,IP Address,81.249.128.243,100,201,True,2024-12-02 15:34:46,R_2dojyCfS9V9OBSJ,,,,,48.8323,2.4075,anonymous,EN,Female,,Business and Management,,3 - Intermediate,"ChatGPT,DALL-E,AI-based writing assistants (e.g., Grammarly),AI-based analytics tools (e.g., Tableau with AI features)",,"Writing tasks (e.g., emails, resumes, essays, reports),Brainstorming ideas,Data analysis or pattern discovery",,"Grammar and spelling checks,Rephrasing and proofreading,Creating outlines,Communicative writing (e.g., emails, letters)",,,,,71,46,100,82,22,47,17,0,"During work hours,When solving specific problems or challenges",,2 - Rarely,Cautiously optimistic,,No,,,80,Somewhat satisfied,3 - Sometimes,4 - Often,5 - Always,3 - Moderately,Reading reports more accurately
2024-12-02 16:05:22,2024-12-02 16:11:59,IP Address,27.240.225.224,100,397,True,2024-12-02 16:12:01,R_4RmwAeMDaWF4rMJ,,,,,25.0504,121.5324,anonymous,EN,Female,,"Science, Technology, Engineering, and Mathematics",,1 - Not familiar at all,ChatGPT,,Learning complex topics,,,Acting as a tutor for specific subjects,,,,100,0,,0,5,95,0,0,When solving specific problems or challenges,,1 - Never,Concerned about ethical implications,,No,,,50,Somewhat dissatisfied,3 - Sometimes,3 - Sometimes,5 - Always,1 - Not at all,"nothing special "
2024-12-02 16:41:29,2024-12-02 16:47:54,IP Address,27.52.96.95,100,385,True,2024-12-02 16:47:56,R_4Q6JHXkTgqoLLnl,,,,,25.0504,121.5324,anonymous,EN,Female,,Business and Management,,2 - Beginner,ChatGPT,,Learning complex topics,,,Explaining technical concepts,,,,50,50,0,30,0,29,40,0,When solving specific problems or challenges,,1 - Never,Cautiously optimistic,,"Yes ","Privacy and data security,Over-reliance on AI",,70,Somewhat dissatisfied,3 - Sometimes,2 - Rarely,5 - Always,3 - Moderately,Free for using
2024-12-02 16:31:23,2024-12-02 17:54:54,IP Address,42.72.11.86,100,5010,True,2024-12-02 17:54:55,R_4yPtlnCG7PLAPDz,,,,,24.9889,121.3176,anonymous,EN,Female,,Humanities and Arts,,3 - Intermediate,"ChatGPT,DALL-E",,"Writing tasks (e.g., emails, resumes, essays, reports),Brainstorming ideas,Entertainment (e.g., games, trivia)",,"Grammar and spelling checks,Rephrasing and proofreading",,,,,20,80,,50,10,30,10,0,During work hours,,1 - Never,Neutral,,No,,,60,Somewhat satisfied,3 - Sometimes,3 - Sometimes,3 - Sometimes,3 - Moderately,"nothing specific "
2024-12-02 17:32:01,2024-12-02 18:02:11,IP Address,1.200.5.48,100,1809,True,2024-12-02 18:02:12,R_4roxnxtgCp9DZzX,,,,,25.062,121.457,anonymous,EN,Female,,Other (please specify),,2 - Beginner,ChatGPT,,"Writing tasks (e.g., emails, resumes, essays, reports),Brainstorming ideas",,Creating outlines,,,,,73,29,,83,17,0,45,0,"During work hours,When solving specific problems or challenges,Whenever inspiration or need arises",,1 - Never,Cautiously optimistic,,No,,,65,Somewhat dissatisfied,4 - Often,4 - Often,4 - Often,3 - Moderately,"Perfectly competent daily task which often with risk of carelessness "
2024-12-02 18:09:55,2024-12-02 18:15:35,IP Address,99.239.85.5,100,339,True,2024-12-02 18:15:35,R_6YnCvoaOq2HCJT6,,,,,43.648,-79.4141,anonymous,EN,Female,,Healthcare and Medicine,,3 - Intermediate,ChatGPT,,"Brainstorming ideas,Data analysis or pattern discovery,Professional development (e.g., career advice, networking tips)",,,,,"Productivity enhancement (e.g., scheduling, organizing)",,82,73,80,71,81,87,2,0,"During work hours,During personal free time",,1 - Never,Cautiously optimistic,,"Yes ","Privacy and data security,Over-reliance on AI",,65,Somewhat satisfied,3 - Sometimes,3 - Sometimes,3 - Sometimes,4 - Significantly,"Nothing "
2024-12-02 18:06:42,2024-12-02 18:18:12,IP Address,114.137.107.145,100,690,True,2024-12-02 18:18:13,R_42lSvCy0WUEQ6TQ,,,,,24.9889,121.3176,anonymous,EN,Female,,"Social Sciences (e.g., psychology, sociology, political science)",,3 - Intermediate,"ChatGPT,AI-based writing assistants (e.g., Grammarly)",,"Learning complex topics,Writing tasks (e.g., emails, resumes, essays, reports),Data analysis or pattern discovery,Automating repetitive tasks (e.g., debugging, scheduling)",,"Grammar and spelling checks,Rephrasing and proofreading,Communicative writing (e.g., emails, letters)",Explaining technical concepts,,,,20,100,,80,10,80,10,0,"During work hours,When solving specific problems or challenges,Whenever inspiration or need arises",,4 - Frequently,Cautiously optimistic,,"Yes ","Ethical implications (e.g., bias, misuse),Over-reliance on AI",,70,Somewhat satisfied,4 - Often,4 - Often,3 - Sometimes,3 - Moderately,high information correctness
2024-12-02 18:03:17,2024-12-02 18:30:17,IP Address,42.73.239.82,100,1619,True,2024-12-02 18:30:18,R_4k9Yg99jcjihmLv,,,,,24.8065,120.9706,anonymous,EN,Female,,"Media, Communication, and Journalism",,3 - Intermediate,"ChatGPT,DALL-E",,"Learning complex topics,Writing tasks (e.g., emails, resumes, essays, reports),Brainstorming ideas,Creative projects (e.g., art, music, storytelling)",,"Creating outlines,Communicative writing (e.g., emails, letters)",Summarizing information,,,,60,40,100,50,5,15,10,20,"During work hours,When solving specific problems or challenges,Whenever inspiration or need arises",,1 - Never,Neutral,,"Yes ","Privacy and data security,Ethical implications (e.g., bias, misuse),Over-reliance on AI",,50,Somewhat dissatisfied,3 - Sometimes,4 - Often,4 - Often,3 - Moderately,Turn audio to text
2024-12-02 18:49:46,2024-12-02 18:54:15,IP Address,101.10.2.105,100,268,True,2024-12-02 18:54:17,R_4CNjpS1A7WcuHwo,,,,,25.0504,121.5324,anonymous,EN,Female,,Marketing and Advertising,,2 - Beginner,"ChatGPT,AI-based writing assistants (e.g., Grammarly),AI-based analytics tools (e.g., Tableau with AI features)",,"Writing tasks (e.g., emails, resumes, essays, reports),Brainstorming ideas,Data analysis or pattern discovery",,"Grammar and spelling checks,Rephrasing and proofreading,Creating outlines,Communicative writing (e.g., emails, letters)",,,,,81,81,81,28,29,9,10,2,"During work hours,When solving specific problems or challenges,Whenever inspiration or need arises",,2 - Rarely,Cautiously optimistic,,No,,,50,Somewhat satisfied,3 - Sometimes,3 - Sometimes,3 - Sometimes,2 - Slightly,No
2024-12-02 19:45:45,2024-12-02 19:57:48,IP Address,140.113.136.212,100,723,True,2024-12-02 19:57:49,R_4mXzcioeRNNapqQ,,,,,24.8065,120.9706,anonymous,EN,Female,,Law and Legal Studies,,3 - Intermediate,"ChatGPT,AI-based writing assistants (e.g., Grammarly)",,"Learning complex topics,Writing tasks (e.g., emails, resumes, essays, reports),Brainstorming ideas",,"Grammar and spelling checks,Rephrasing and proofreading,Creating outlines",Summarizing information,,,,70,85,78,71,1,100,45,100,"During work hours,When solving specific problems or challenges,Whenever inspiration or need arises",,1 - Never,Neutral,,"Yes ","Privacy and data security,Lack of transparency in how AI works",,70,Somewhat satisfied,4 - Often,3 - Sometimes,5 - Always,3 - Moderately,Thesis plagiarism
2024-12-02 20:13:03,2024-12-02 20:19:15,IP Address,146.113.253.17,100,371,True,2024-12-02 20:19:15,R_3sh3HTpHrdi6t3v,,,,,25.7703,-80.2072,anonymous,EN,Female,,Business and Management,,3 - Intermediate,"ChatGPT,AI-based analytics tools (e.g., Tableau with AI features),Other (please specify)",Perplexity,"Learning complex topics,Writing tasks (e.g., emails, resumes, essays, reports),Brainstorming ideas,Data analysis or pattern discovery",,"Grammar and spelling checks,Rephrasing and proofreading,Communicative writing (e.g., emails, letters)",Simulations or interactive learning,,,,50,50,100,100,20,50,21,10,"During work hours,During personal free time,When solving specific problems or challenges,Whenever inspiration or need arises",,3 - Occasionally,Excited about their potential,,"Yes ",Over-reliance on AI,,90,Extremely dissatisfied,4 - Often,4 - Often,4 - Often,3 - Moderately,Créate a dile directly for me
2024-12-02 20:30:17,2024-12-02 20:36:37,IP Address,213.208.157.37,100,379,True,2024-12-02 20:36:38,R_8zFIhFJYG0gZDNS,,,,,48.2324,16.3518,anonymous,EN,Female,,Law and Legal Studies,,3 - Intermediate,"ChatGPT,AI-based writing assistants (e.g., Grammarly)",,"Learning complex topics,Writing tasks (e.g., emails, resumes, essays, reports),Brainstorming ideas,Professional development (e.g., career advice, networking tips)",,"Grammar and spelling checks,Creating outlines,Communicative writing (e.g., emails, letters),Creative writing (e.g., stories, poetry)",Acting as a tutor for specific subjects,,Strategic advice or planning,,68,79,79,80,51,97,72,75,"During work hours,During personal free time,When solving specific problems or challenges,Whenever inspiration or need arises",,3 - Occasionally,Cautiously optimistic,,No,,,75,Somewhat satisfied,3 - Sometimes,3 - Sometimes,3 - Sometimes,2 - Slightly,"No idea "
2024-12-02 21:24:28,2024-12-02 21:34:27,IP Address,125.228.221.119,100,599,True,2024-12-02 21:34:28,R_40uzHkjmSSBWTnC,,,,,24.9889,121.3176,anonymous,EN,Female,,Marketing and Advertising,,1 - Not familiar at all,ChatGPT,,"Writing tasks (e.g., emails, resumes, essays, reports),Brainstorming ideas",,"Creating outlines,Communicative writing (e.g., emails, letters)",,,,,80,20,0,50,10,10,30,0,"When solving specific problems or challenges,Whenever inspiration or need arises",,1 - Never,Concerned about ethical implications,,"Yes ","Over-reliance on AI,Lack of transparency in how AI works",,80,Somewhat satisfied,2 - Rarely,4 - Often,5 - Always,4 - Significantly,Travel planning
2024-12-02 21:40:33,2024-12-02 21:49:06,IP Address,125.228.102.69,100,512,True,2024-12-02 21:49:07,R_4mrilePqX71TnsR,,,,,24.9889,121.3176,anonymous,EN,Female,,Humanities and Arts,,2 - Beginner,"ChatGPT,AI-based writing assistants (e.g., Grammarly)",,"Learning complex topics,Writing tasks (e.g., emails, resumes, essays, reports),Brainstorming ideas,Professional development (e.g., career advice, networking tips)",,"Grammar and spelling checks,Rephrasing and proofreading,Creating outlines,Communicative writing (e.g., emails, letters)",Acting as a tutor for specific subjects,,Strategic advice or planning,,92,94,96,86,7,89,6,5,During work hours,,2 - Rarely,Cautiously optimistic,,No,,,75,Somewhat satisfied,4 - Often,4 - Often,4 - Often,2 - Slightly,Learning languages
2024-12-02 23:52:37,2024-12-02 23:57:31,IP Address,62.99.176.46,100,293,True,2024-12-02 23:57:32,R_2cnrXllV3NVEnNG,,,,,48.2372,16.3771,anonymous,EN,Female,,Marketing and Advertising,,4 - Advanced,"ChatGPT,DALL-E,AI-based writing assistants (e.g., Grammarly)",,"Writing tasks (e.g., emails, resumes, essays, reports),Brainstorming ideas,Creative projects (e.g., art, music, storytelling)",,"Creating outlines,Communicative writing (e.g., emails, letters),Creative writing (e.g., stories, poetry)",,,,,100,73,42,81,67,93,86,68,"During work hours,When solving specific problems or challenges,Whenever inspiration or need arises",,3 - Occasionally,Excited about their potential,,No,,,70,Somewhat satisfied,4 - Often,5 - Always,5 - Always,3 - Moderately,should be better in understanding our needs.
2024-12-03 00:25:24,2024-12-03 00:33:30,IP Address,104.28.130.5,100,486,True,2024-12-03 00:33:31,R_2oF3KVXNIIivA3w,,,,,48.2049,16.3662,anonymous,EN,Male,,"Creative Industries (e.g., design, music, performing arts)",,4 - Advanced,"ChatGPT,Other (please specify)",Adobe Photoshop,"Creative projects (e.g., art, music, storytelling)",,,,,,,67,70,100,60,9,37,62,3,"During work hours,When solving specific problems or challenges,Whenever inspiration or need arises",,4 - Frequently,Neutral,,No,,,80,Somewhat satisfied,2 - Rarely,2 - Rarely,1 - Never,1 - Not at all,That it shows me my vision of my video or movie i make
2024-12-03 01:25:11,2024-12-03 01:30:41,IP Address,46.221.252.31,100,329,True,2024-12-03 01:30:42,R_4kIF1HG4RYMy4hf,,,,,41.0218,28.9669,anonymous,EN,Female,,"Social Sciences (e.g., psychology, sociology, political science)",,3 - Intermediate,"ChatGPT,AI-based writing assistants (e.g., Grammarly)",,"Learning complex topics,Writing tasks (e.g., emails, resumes, essays, reports),Brainstorming ideas,Data analysis or pattern discovery,Creative projects (e.g., art, music, storytelling),Mental health support,Professional development (e.g., career advice, networking tips)",,"Grammar and spelling checks,Rephrasing and proofreading,Creating outlines,Communicative writing (e.g., emails, letters),Creative writing (e.g., stories, poetry)",Explaining technical concepts,,Strategic advice or planning,,50,50,50,40,10,30,20,0,"During work hours,During personal free time,When solving specific problems or challenges,Whenever inspiration or need arises",,2 - Rarely,Excited about their potential,,No,,,80,Somewhat satisfied,5 - Always,5 - Always,4 - Often,2 - Slightly,more accurate answers
2024-12-03 01:56:47,2024-12-03 02:00:24,IP Address,223.136.229.195,100,217,True,2024-12-03 02:00:25,R_41mzx1JMzWntpH7,,,,,25.062,121.457,anonymous,EN,Female,,Business and Management,,3 - Intermediate,"ChatGPT,Google Bard,AI-based writing assistants (e.g., Grammarly),AI-based analytics tools (e.g., Tableau with AI features),Other (please specify)",Perplexity,"Learning complex topics,Writing tasks (e.g., emails, resumes, essays, reports),Brainstorming ideas,Automating repetitive tasks (e.g., debugging, scheduling),Professional development (e.g., career advice, networking tips)",,"Grammar and spelling checks,Rephrasing and proofreading,Creating outlines,Communicative writing (e.g., emails, letters)",Simulations or interactive learning,,"Productivity enhancement (e.g., scheduling, organizing)",,0,0,100,82,80,80,25,65,"During work hours,When solving specific problems or challenges",,4 - Frequently,Excited about their potential,,No,,,85,Somewhat satisfied,4 - Often,4 - Often,5 - Always,4 - Significantly,"Help me to organize my schedule for traveling "
2024-12-03 00:59:22,2024-12-03 02:09:32,IP Address,140.112.194.93,100,4209,True,2024-12-03 02:09:33,R_49xt553gdwUiNYl,,,,,25.0504,121.5324,anonymous,EN,Female,,"Science, Technology, Engineering, and Mathematics",,4 - Advanced,"ChatGPT,AI-based writing assistants (e.g., Grammarly)",,"Writing tasks (e.g., emails, resumes, essays, reports),Data analysis or pattern discovery,Automating repetitive tasks (e.g., debugging, scheduling),Other (please specify)",Generating code,"Grammar and spelling checks,Creating outlines,Communicative writing (e.g., emails, letters)",,,,,63,82,,79,1,87,59,51,During work hours,,5 - Very Frequently,Excited about their potential,,"Yes ","Privacy and data security,Ethical implications (e.g., bias, misuse),Over-reliance on AI",,50,Somewhat satisfied,3 - Sometimes,3 - Sometimes,5 - Always,2 - Slightly,Fortune telling
2024-12-03 04:34:19,2024-12-03 04:41:29,IP Address,62.99.135.46,100,430,True,2024-12-03 04:41:30,R_2qkAd1bjeo8ka7i,,,,,47.8044,16.2489,anonymous,EN,Female,,"Media, Communication, and Journalism",,3 - Intermediate,"ChatGPT,AI-based writing assistants (e.g., Grammarly)",,"Writing tasks (e.g., emails, resumes, essays, reports)",,"Grammar and spelling checks,Rephrasing and proofreading",,,,,11,12,7,12,0,30,0,0,When solving specific problems or challenges,,3 - Occasionally,Cautiously optimistic,,"Yes ",Over-reliance on AI,,40,Somewhat satisfied,3 - Sometimes,4 - Often,4 - Often,4 - Significantly,"Writing assistance "
2024-12-03 04:38:19,2024-12-03 04:42:11,IP Address,185.192.88.211,100,231,True,2024-12-03 04:42:11,R_822X5xEtActMt4g,,,,,52.5196,13.4069,anonymous,EN,Female,,Marketing and Advertising,,3 - Intermediate,"ChatGPT,DALL-E,AI-based writing assistants (e.g., Grammarly),AI-based analytics tools (e.g., Tableau with AI features)",,"Learning complex topics,Writing tasks (e.g., emails, resumes, essays, reports),Data analysis or pattern discovery",,"Grammar and spelling checks,Rephrasing and proofreading",Summarizing information,,,,30,70,,80,10,20,2,0,During work hours,,3 - Occasionally,Cautiously optimistic,,No,,,35,Neither satisfied nor dissatisfied,5 - Always,3 - Sometimes,2 - Rarely,2 - Slightly,would prefer a better feedback mechanism
2024-12-03 04:39:42,2024-12-03 04:42:14,IP Address,42.73.130.234,100,151,True,2024-12-03 04:42:15,R_4GptcOMkolBh52B,,,,,24.9889,121.3176,anonymous,EN,Male,,"Science, Technology, Engineering, and Mathematics",,4 - Advanced,"ChatGPT,AI-based writing assistants (e.g., Grammarly),AI-based analytics tools (e.g., Tableau with AI features)",,"Learning complex topics,Writing tasks (e.g., emails, resumes, essays, reports),Automating repetitive tasks (e.g., debugging, scheduling)",,Grammar and spelling checks,Explaining technical concepts,,,,100,100,100,61,100,36,72,41,During work hours,,5 - Very Frequently,Concerned about ethical implications,,"Yes ",Privacy and data security,,70,Somewhat dissatisfied,4 - Often,2 - Rarely,2 - Rarely,4 - Significantly,All coding
2024-12-03 04:36:02,2024-12-03 04:43:23,IP Address,78.104.186.52,100,440,True,2024-12-03 04:43:23,R_8lxXONr4ez637Yr,,,,,48.217,16.3944,anonymous,EN,Female,,Business and Management,,2 - Beginner,ChatGPT,,"Writing tasks (e.g., emails, resumes, essays, reports),Professional development (e.g., career advice, networking tips)",,"Rephrasing and proofreading,Communicative writing (e.g., emails, letters)",,,Strategic advice or planning,,73,35,,43,39,71,17,10,During personal free time,,1 - Never,Concerned about ethical implications,,"Yes ","Privacy and data security,Ethical implications (e.g., bias, misuse),Over-reliance on AI,Lack of transparency in how AI works",,60,Somewhat dissatisfied,4 - Often,4 - Often,4 - Often,3 - Moderately,not repeating sentences with different phrasing when writing a text
2024-12-03 04:36:39,2024-12-03 04:43:34,IP Address,78.104.193.52,100,414,True,2024-12-03 04:43:34,R_2ZPO14wNhgqZ9L8,,,,,48.217,16.3944,anonymous,EN,Female,,Other (please specify),Languages,3 - Intermediate,ChatGPT,,"Learning complex topics,Writing tasks (e.g., emails, resumes, essays, reports),Brainstorming ideas,Creative projects (e.g., art, music, storytelling),Professional development (e.g., career advice, networking tips)",,Rephrasing and proofreading,Acting as a tutor for specific subjects,,Strategic advice or planning,,0,0,100,10,30,40,20,0,"During personal free time,When solving specific problems or challenges,Whenever inspiration or need arises",,1 - Never,Excited about their potential,,No,,,60,Somewhat satisfied,4 - Often,4 - Often,4 - Often,3 - Moderately,"More detailed and correct information "
2024-12-03 04:36:37,2024-12-03 04:45:10,IP Address,78.104.193.228,100,512,True,2024-12-03 04:45:10,R_8QEpZl7fZi4lBE5,,,,,48.217,16.3944,anonymous,EN,Non-binary,,"Science, Technology, Engineering, and Mathematics",,3 - Intermediate,"ChatGPT,AI-based writing assistants (e.g., Grammarly)",,"Learning complex topics,Brainstorming ideas,Automating repetitive tasks (e.g., debugging, scheduling)",,,Explaining technical concepts,,,,10,60,,0,30,70,0,0,"During personal free time,When solving specific problems or challenges",,4 - Frequently,Concerned about ethical implications,,"Yes ","Privacy and data security,Lack of transparency in how AI works",,75,Somewhat satisfied,4 - Often,4 - Often,5 - Always,3 - Moderately,"The database of most AI's, like Chatgpt, are kind of old compared to todays knowledge. I would like AI to be able to provide newer information."
2024-12-03 04:53:35,2024-12-03 04:56:43,IP Address,195.12.232.246,100,188,True,2024-12-03 04:56:44,R_4asboP7IJcPBFpn,,,,,51.2184,6.7734,anonymous,EN,Female,,"Social Sciences (e.g., psychology, sociology, political science)",,3 - Intermediate,"ChatGPT,Other (please specify)",ena,"Learning complex topics,Writing tasks (e.g., emails, resumes, essays, reports),Brainstorming ideas,Data analysis or pattern discovery,Automating repetitive tasks (e.g., debugging, scheduling),Professional development (e.g., career advice, networking tips)",,"Grammar and spelling checks,Rephrasing and proofreading,Creating outlines,Communicative writing (e.g., emails, letters)",Explaining technical concepts,,Strategic advice or planning,,64,83,56,67,23,87,10,19,"During work hours,During personal free time,When solving specific problems or challenges,Whenever inspiration or need arises",,5 - Very Frequently,Excited about their potential,,No,,,50,Neither satisfied nor dissatisfied,4 - Often,4 - Often,1 - Never,3 - Moderately,brief tools
2024-12-03 04:41:41,2024-12-03 04:58:07,IP Address,223.143.195.237,100,986,True,2024-12-03 04:58:08,R_4AlvOKqb97P9a6J,,,,,24.9889,121.3176,anonymous,EN,Male,,"Science, Technology, Engineering, and Mathematics",,2 - Beginner,"ChatGPT,AI-based writing assistants (e.g., Grammarly)",,"Learning complex topics,Writing tasks (e.g., emails, resumes, essays, reports)",,"Grammar and spelling checks,Rephrasing and proofreading,Communicative writing (e.g., emails, letters)",Explaining technical concepts,,,,100,100,100,100,0,90,70,0,"During work hours,When solving specific problems or challenges",,4 - Frequently,Excited about their potential,,No,,,80,Somewhat satisfied,3 - Sometimes,4 - Often,3 - Sometimes,2 - Slightly,"Answer directly "
2024-12-03 05:01:06,2024-12-03 05:05:16,IP Address,92.184.118.72,100,249,True,2024-12-03 05:05:16,R_8imvnuxZHK25Gxq,,,,,48.8323,2.4075,anonymous,EN,Male,,Business and Management,,3 - Intermediate,"ChatGPT,AI-based writing assistants (e.g., Grammarly)",,"Learning complex topics,Writing tasks (e.g., emails, resumes, essays, reports),Automating repetitive tasks (e.g., debugging, scheduling)",,"Grammar and spelling checks,Rephrasing and proofreading,Creating outlines,Communicative writing (e.g., emails, letters)",Explaining technical concepts,,,,30,70,,60,30,10,0,0,"During work hours,During personal free time",,1 - Never,Cautiously optimistic,,No,,,40,Neither satisfied nor dissatisfied,4 - Often,3 - Sometimes,4 - Often,3 - Moderately,Better indication of sources
2024-12-03 05:01:44,2024-12-03 05:05:39,IP Address,92.247.169.177,100,234,True,2024-12-03 05:05:39,R_8DoHUp1zsvlWnst,,,,,42.6951,23.325,anonymous,EN,Male,,"Science, Technology, Engineering, and Mathematics",,2 - Beginner,"ChatGPT,AI-based writing assistants (e.g., Grammarly)",,"Writing tasks (e.g., emails, resumes, essays, reports),Brainstorming ideas",,"Grammar and spelling checks,Rephrasing and proofreading",,,,,0,100,,50,0,50,0,0,"When solving specific problems or challenges,Whenever inspiration or need arises",,2 - Rarely,Cautiously optimistic,,"Yes ",Other (please specify),False results,50,Somewhat satisfied,5 - Always,3 - Sometimes,4 - Often,1 - Not at all,.
2024-12-03 05:01:52,2024-12-03 05:06:09,IP Address,83.185.38.247,100,256,True,2024-12-03 05:06:10,R_2axahXqglb5x2H9,,,,,59.3287,18.0717,anonymous,EN,Male,,"Information Technology (e.g., software development, cybersecurity)",,3 - Intermediate,"ChatGPT,MidJourney,DALL-E",,"Learning complex topics,Writing tasks (e.g., emails, resumes, essays, reports),Brainstorming ideas,Data analysis or pattern discovery,Automating repetitive tasks (e.g., debugging, scheduling)",,"Grammar and spelling checks,Communicative writing (e.g., emails, letters)",Explaining technical concepts,,,,0,0,100,10,5,70,15,0,When solving specific problems or challenges,,4 - Frequently,Excited about their potential,,"Yes ","Privacy and data security,Over-reliance on AI,Lack of transparency in how AI works",,70,Somewhat satisfied,4 - Often,3 - Sometimes,5 - Always,3 - Moderately,Translating
2024-12-03 04:59:58,2024-12-03 05:06:55,IP Address,172.225.201.8,100,416,True,2024-12-03 05:06:56,R_4VO4F8uNqybNoSR,,,,,28.652,77.1663,anonymous,EN,Male,,Marketing and Advertising,,4 - Advanced,"ChatGPT,AI-based writing assistants (e.g., Grammarly),AI-based analytics tools (e.g., Tableau with AI features)",,"Writing tasks (e.g., emails, resumes, essays, reports),Brainstorming ideas,Data analysis or pattern discovery,Automating repetitive tasks (e.g., debugging, scheduling)",,"Grammar and spelling checks,Rephrasing and proofreading,Creating outlines,Communicative writing (e.g., emails, letters)",,,,,69,69,100,81,14,1,5,0,"During work hours,When solving specific problems or challenges",,1 - Never,Excited about their potential,,"Yes ","Privacy and data security,Over-reliance on AI",,80,Somewhat satisfied,4 - Often,4 - Often,4 - Often,3 - Moderately,Regional understanding
2024-12-03 05:05:01,2024-12-03 05:10:03,IP Address,80.125.77.123,100,302,True,2024-12-03 05:10:04,R_89kcSyZ7Ti8lfah,,,,,46.1697,-1.1516,anonymous,EN,Male,,Business and Management,,3 - Intermediate,"ChatGPT,DALL-E,AI-based writing assistants (e.g., Grammarly),AI-based analytics tools (e.g., Tableau with AI features)",,"Learning complex topics,Writing tasks (e.g., emails, resumes, essays, reports),Data analysis or pattern discovery,Automating repetitive tasks (e.g., debugging, scheduling)",,"Rephrasing and proofreading,Creating outlines,Communicative writing (e.g., emails, letters)",Summarizing information,,,,30,70,0,71,20,10,0,0,"During work hours,When solving specific problems or challenges,Whenever inspiration or need arises",,3 - Occasionally,Concerned about ethical implications,,"Yes ","Privacy and data security,Ethical implications (e.g., bias, misuse),Over-reliance on AI,Lack of transparency in how AI works",,55,Somewhat dissatisfied,5 - Always,4 - Often,5 - Always,4 - Significantly,"Source providing and fact checking itself 
"
2024-12-03 05:09:27,2024-12-03 05:15:06,IP Address,1.169.156.72,100,338,True,2024-12-03 05:15:07,R_4YX79gVIIUk3uKx,,,,,24.9889,121.3176,anonymous,EN,Female,,Other (please specify),"Language ",3 - Intermediate,"ChatGPT,AI-based writing assistants (e.g., Grammarly)",,"Learning complex topics,Writing tasks (e.g., emails, resumes, essays, reports),Brainstorming ideas",,"Grammar and spelling checks,Rephrasing and proofreading,Communicative writing (e.g., emails, letters)",Summarizing information,,,,70,80,0,20,20,50,10,0,During work hours,,1 - Never,Cautiously optimistic,,"Yes ","Ethical implications (e.g., bias, misuse),Over-reliance on AI",,60,Somewhat satisfied,3 - Sometimes,5 - Always,5 - Always,4 - Significantly,"Paraphrasing "
2024-12-03 05:29:55,2024-12-03 05:32:07,IP Address,49.216.30.45,100,132,True,2024-12-03 05:32:08,R_4R3nw73aH0gNRZY,,,,,25.0504,121.5324,anonymous,EN,Male,,"Science, Technology, Engineering, and Mathematics",,4 - Advanced,"ChatGPT,Google Bard,AI-based writing assistants (e.g., Grammarly)",,"Learning complex topics,Writing tasks (e.g., emails, resumes, essays, reports),Brainstorming ideas",,"Grammar and spelling checks,Rephrasing and proofreading",Summarizing information,,,,56,60,58,50,68,64,60,70,"During work hours,During personal free time",,3 - Occasionally,Neutral,,"Yes ",Over-reliance on AI,,60,Neither satisfied nor dissatisfied,3 - Sometimes,3 - Sometimes,3 - Sometimes,3 - Moderately,Video Gen
2024-12-03 05:31:21,2024-12-03 05:36:06,IP Address,78.244.123.54,100,284,True,2024-12-03 05:36:06,R_27DNMr1g7wHfMbL,,,,,48.8323,2.4075,anonymous,EN,Male,,Business and Management,,4 - Advanced,"ChatGPT,Google Bard,AI-based writing assistants (e.g., Grammarly)",,"Learning complex topics,Writing tasks (e.g., emails, resumes, essays, reports)",,"Rephrasing and proofreading,Creating outlines",Explaining technical concepts,,,,30,70,,70,10,20,0,0,"During work hours,During personal free time,When solving specific problems or challenges,Whenever inspiration or need arises",,2 - Rarely,Excited about their potential,,No,,,60,Extremely satisfied,5 - Always,4 - Often,5 - Always,4 - Significantly,Training option
2024-12-03 05:35:26,2024-12-03 05:43:26,IP Address,193.83.241.239,100,479,True,2024-12-03 05:43:26,R_8YtPEOiJnyeGtDr,,,,,48.2031,16.3527,anonymous,EN,Male,,Education and Teaching,,5 - Expert,"ChatGPT,MidJourney,DALL-E,AI-based writing assistants (e.g., Grammarly)",,"Entertainment (e.g., games, trivia)",,,,,,,76,,,54,78,89,0,0,"During personal free time,When solving specific problems or challenges",,1 - Never,Excited about their potential,,No,,,50,Somewhat satisfied,4 - Often,4 - Often,4 - Often,1 - Not at all,"AI Tools need to be less politically correct, often times you ask it something and it knows the answer or what you want to hear perfectly, but it answers in a wishy washy roundabout way, to make sure it is fair and correct to everyone and everything. This alienates the feeling of talking to a person and makes it feel like talking to a machine that has a stick up their..."
2024-12-03 05:15:50,2024-12-03 05:48:36,IP Address,114.136.128.24,100,1966,True,2024-12-03 05:48:37,R_4lKs34WedrVctW1,,,,,25.0504,121.5324,anonymous,EN,Male,,Business and Management,,2 - Beginner,ChatGPT,,"Learning complex topics,Writing tasks (e.g., emails, resumes, essays, reports),Brainstorming ideas,Data analysis or pattern discovery,Automating repetitive tasks (e.g., debugging, scheduling),Creative projects (e.g., art, music, storytelling),Professional development (e.g., career advice, networking tips)",,"Grammar and spelling checks,Rephrasing and proofreading,Creating outlines,Communicative writing (e.g., emails, letters)",Summarizing information,,"Productivity enhancement (e.g., scheduling, organizing)",,92,95,100,96,81,97,88,50,"During work hours,When solving specific problems or challenges",,4 - Frequently,Excited about their potential,,No,,,80,Somewhat satisfied,3 - Sometimes,4 - Often,4 - Often,2 - Slightly,更口語一點
2024-12-03 05:47:08,2024-12-03 05:49:42,IP Address,140.112.194.93,100,154,True,2024-12-03 05:49:43,R_4jZL6Gh2ETqn2R7,,,,,25.0504,121.5324,anonymous,EN,Male,,"Information Technology (e.g., software development, cybersecurity)",,5 - Expert,"ChatGPT,DALL-E,AI-based writing assistants (e.g., Grammarly)",,"Writing tasks (e.g., emails, resumes, essays, reports),Brainstorming ideas,Data analysis or pattern discovery,Automating repetitive tasks (e.g., debugging, scheduling),Professional development (e.g., career advice, networking tips)",,"Communicative writing (e.g., emails, letters)",,,Strategic advice or planning,,29,40,,71,15,29,16,50,During work hours,,5 - Very Frequently,Excited about their potential,,No,,,70,Somewhat satisfied,3 - Sometimes,2 - Rarely,5 - Always,4 - Significantly,"no idea
"
2024-12-03 05:55:42,2024-12-03 06:01:33,IP Address,213.142.96.72,100,351,True,2024-12-03 06:01:34,R_2dj9vM4oKDN74ei,,,,,48.1982,16.3917,anonymous,EN,Female,,Law and Legal Studies,,2 - Beginner,ChatGPT,,"Brainstorming ideas,Other (please specify)",Summary,,,,,,,,100,0,50,50,0,0,"When solving specific problems or challenges,Whenever inspiration or need arises",,1 - Never,Neutral,,"Yes ","Ethical implications (e.g., bias, misuse),Over-reliance on AI,Lack of transparency in how AI works",,65,Somewhat dissatisfied,4 - Often,3 - Sometimes,4 - Often,2 - Slightly,Better legal knowledge
2024-12-03 06:26:57,2024-12-03 06:31:56,IP Address,172.226.131.41,100,298,True,2024-12-03 06:31:56,R_8Pd6xzn0WX7HmOo,,,,,48.2049,16.3662,anonymous,EN,Male,,Business and Management,,2 - Beginner,ChatGPT,,"Learning complex topics,Writing tasks (e.g., emails, resumes, essays, reports),Brainstorming ideas",,"Grammar and spelling checks,Rephrasing and proofreading,Creating outlines,Communicative writing (e.g., emails, letters),Creative writing (e.g., stories, poetry)",Explaining technical concepts,,,,100,31,,47,83,42,54,38,"During personal free time,When solving specific problems or challenges",,3 - Occasionally,Cautiously optimistic,,No,,,80,Somewhat satisfied,3 - Sometimes,3 - Sometimes,2 - Rarely,1 - Not at all,sources
2024-12-03 06:29:22,2024-12-03 06:32:55,IP Address,118.168.131.103,100,213,True,2024-12-03 06:32:56,R_41hZECwv4Cd9ei9,,,,,25.062,121.457,anonymous,EN,Male,,Business and Management,,3 - Intermediate,"ChatGPT,AI-based writing assistants (e.g., Grammarly)",,"Writing tasks (e.g., emails, resumes, essays, reports),Brainstorming ideas,Entertainment (e.g., games, trivia)",,"Grammar and spelling checks,Rephrasing and proofreading,Communicative writing (e.g., emails, letters)",,,,,40,60,50,60,40,20,20,20,"During work hours,When solving specific problems or challenges",,2 - Rarely,Cautiously optimistic,,No,,,50,Somewhat satisfied,3 - Sometimes,4 - Often,3 - Sometimes,2 - Slightly,Work
2024-12-03 06:33:32,2024-12-03 06:39:22,IP Address,78.104.10.135,100,350,True,2024-12-03 06:39:23,R_8p9VNsXo2Pr8XlG,,,,,48.3003,16.3441,anonymous,EN,Male,,Law and Legal Studies,,4 - Advanced,"ChatGPT,DALL-E,AI-based writing assistants (e.g., Grammarly)",,"Writing tasks (e.g., emails, resumes, essays, reports),Brainstorming ideas,Entertainment (e.g., games, trivia)",,"Rephrasing and proofreading,Creating outlines",,,,,15,75,,40,25,25,10,0,"During work hours,During personal free time",,1 - Never,Cautiously optimistic,,"Yes ","Privacy and data security,Ethical implications (e.g., bias, misuse),Over-reliance on AI,Lack of transparency in how AI works",,30,Somewhat satisfied,4 - Often,4 - Often,5 - Always,2 - Slightly,"Less Hallucinations "
2024-12-03 06:53:01,2024-12-03 06:57:25,IP Address,104.28.130.6,100,263,True,2024-12-03 06:57:25,R_8PSQG4z1gzEyp2a,,,,,48.2049,16.3662,anonymous,EN,Male,,"Information Technology (e.g., software development, cybersecurity)",,4 - Advanced,"ChatGPT,AI-based writing assistants (e.g., Grammarly)",,"Learning complex topics,Writing tasks (e.g., emails, resumes, essays, reports),Brainstorming ideas",,"Rephrasing and proofreading,Creating outlines,Communicative writing (e.g., emails, letters),Creative writing (e.g., stories, poetry)",Summarizing information,,,,80,20,0,20,10,50,20,0,When solving specific problems or challenges,,4 - Frequently,Excited about their potential,,No,,,70,Extremely satisfied,3 - Sometimes,4 - Often,2 - Rarely,1 - Not at all,More advanced answers
2024-12-03 06:58:36,2024-12-03 07:04:31,IP Address,78.104.193.173,100,355,True,2024-12-03 07:04:32,R_839N0pyhnrS5HCe,,,,,48.217,16.3944,anonymous,EN,Female,,Business and Management,,2 - Beginner,"ChatGPT,AI-based writing assistants (e.g., Grammarly)",,"Writing tasks (e.g., emails, resumes, essays, reports),Brainstorming ideas,Entertainment (e.g., games, trivia)",,"Grammar and spelling checks,Rephrasing and proofreading,Communicative writing (e.g., emails, letters)",,,,,81,67,49,13,81,51,17,13,"During personal free time,When solving specific problems or challenges,Whenever inspiration or need arises",,2 - Rarely,Concerned about ethical implications,,"Yes ","Privacy and data security,Ethical implications (e.g., bias, misuse),Over-reliance on AI",,70,Somewhat satisfied,3 - Sometimes,4 - Often,4 - Often,3 - Moderately,"Certainity level "
2024-12-03 04:58:21,2024-12-03 07:12:16,IP Address,137.208.217.43,100,8034,True,2024-12-03 07:12:17,R_2Owti5PM6iwcJIR,,,,,48.217,16.3944,anonymous,EN,Female,,Marketing and Advertising,,3 - Intermediate,"ChatGPT,MidJourney,AI-based writing assistants (e.g., Grammarly),AI-based analytics tools (e.g., Tableau with AI features)",,"Writing tasks (e.g., emails, resumes, essays, reports),Brainstorming ideas,Data analysis or pattern discovery,Automating repetitive tasks (e.g., debugging, scheduling),Other (please specify)",searching for something (google like),"Grammar and spelling checks,Rephrasing and proofreading,Communicative writing (e.g., emails, letters)",,,,,35,65,,50,20,30,0,0,"During work hours,During personal free time,When solving specific problems or challenges",,1 - Never,Cautiously optimistic,,No,,,50,Somewhat satisfied,4 - Often,4 - Often,4 - Often,3 - Moderately,-
2024-12-03 07:36:57,2024-12-03 07:40:54,IP Address,91.141.72.102,100,237,True,2024-12-03 07:40:55,R_2Kxyv5o5vgvM0Aq,,,,,48.2048,16.3801,anonymous,EN,Male,,Marketing and Advertising,,4 - Advanced,"ChatGPT,Google Bard,DALL-E,AI-based writing assistants (e.g., Grammarly),AI-based analytics tools (e.g., Tableau with AI features)",,"Writing tasks (e.g., emails, resumes, essays, reports),Brainstorming ideas,Data analysis or pattern discovery,Automating repetitive tasks (e.g., debugging, scheduling)",,"Rephrasing and proofreading,Creating outlines,Communicative writing (e.g., emails, letters)",,,,,70,30,,0,40,50,10,0,"During personal free time,When solving specific problems or challenges,Whenever inspiration or need arises",,5 - Very Frequently,Cautiously optimistic,,"Yes ","Ethical implications (e.g., bias, misuse),Over-reliance on AI,Lack of transparency in how AI works",,50,Somewhat satisfied,2 - Rarely,4 - Often,4 - Often,2 - Slightly,N/A
2024-12-03 07:42:39,2024-12-03 07:46:41,IP Address,148.252.141.201,100,241,True,2024-12-03 07:46:42,R_8fqmhWoxZiYTxjC,,,,,51.4964,-0.1224,anonymous,EN,Female,,Marketing and Advertising,,3 - Intermediate,"ChatGPT,AI-based writing assistants (e.g., Grammarly)",,"Writing tasks (e.g., emails, resumes, essays, reports),Brainstorming ideas,Data analysis or pattern discovery,Creative projects (e.g., art, music, storytelling)",,"Grammar and spelling checks,Rephrasing and proofreading",,,,,72,50,0,81,67,100,51,29,"During personal free time,When solving specific problems or challenges",,3 - Occasionally,Cautiously optimistic,,No,,,60,Somewhat satisfied,4 - Often,3 - Sometimes,5 - Always,4 - Significantly,"Emotional supports "
2024-12-03 08:30:33,2024-12-03 08:37:39,IP Address,148.252.144.81,100,425,True,2024-12-03 08:37:39,R_2vdiZ3d7kKej8cn,,,,,51.4964,-0.1224,anonymous,EN,Male,,Other (please specify),Accounting and assurance,2 - Beginner,"ChatGPT,Google Bard,AI-based writing assistants (e.g., Grammarly)",,"Learning complex topics,Writing tasks (e.g., emails, resumes, essays, reports),Brainstorming ideas,Automating repetitive tasks (e.g., debugging, scheduling)",,"Grammar and spelling checks,Rephrasing and proofreading",Explaining technical concepts,,,,20,80,,80,20,81,66,0,"During work hours,During personal free time",,3 - Occasionally,Cautiously optimistic,,No,,,60,Somewhat satisfied,4 - Often,3 - Sometimes,3 - Sometimes,4 - Significantly,Learning languages
2024-12-03 07:33:02,2024-12-03 09:18:20,IP Address,31.94.62.205,100,6317,True,2024-12-03 09:18:20,R_8t4hqoK083wkIkr,,,,,53.481,-2.2367,anonymous,EN,Female,,Healthcare and Medicine,,2 - Beginner,"ChatGPT,AI-based writing assistants (e.g., Grammarly)",,"Learning complex topics,Writing tasks (e.g., emails, resumes, essays, reports),Brainstorming ideas,Professional development (e.g., career advice, networking tips)",,"Rephrasing and proofreading,Communicative writing (e.g., emails, letters)",Explaining technical concepts,,"Productivity enhancement (e.g., scheduling, organizing)",,50,50,100,70,10,20,0,0,"During personal free time,When solving specific problems or challenges",,1 - Never,Cautiously optimistic,,No,,,60,Somewhat satisfied,5 - Always,4 - Often,5 - Always,3 - Moderately,N/A
2024-12-03 09:33:15,2024-12-03 09:37:29,IP Address,213.147.165.140,100,254,True,2024-12-03 09:37:30,R_2cnPexCTxBuzhGV,,,,,48.1535,16.3855,anonymous,EN,Female,,Marketing and Advertising,,3 - Intermediate,"ChatGPT,MidJourney,DALL-E,AI-based writing assistants (e.g., Grammarly)",,"Writing tasks (e.g., emails, resumes, essays, reports),Brainstorming ideas,Data analysis or pattern discovery,Creative projects (e.g., art, music, storytelling)",,"Grammar and spelling checks,Rephrasing and proofreading,Creating outlines,Communicative writing (e.g., emails, letters),Creative writing (e.g., stories, poetry)",,,,,50,50,,100,35,100,79,5,"During work hours,During personal free time,When solving specific problems or challenges,Whenever inspiration or need arises",,2 - Rarely,Cautiously optimistic,,No,,,80,Somewhat satisfied,4 - Often,4 - Often,4 - Often,3 - Moderately,"creating slides and creatives "
2024-12-03 09:47:13,2024-12-03 09:52:37,IP Address,77.119.208.220,100,323,True,2024-12-03 09:52:37,R_2NEBnxzwJ6d2Gf8,,,,,48.2031,16.3527,anonymous,EN,Female,,Business and Management,,5 - Expert,"ChatGPT,DALL-E,AI-based writing assistants (e.g., Grammarly)",,"Learning complex topics,Writing tasks (e.g., emails, resumes, essays, reports),Brainstorming ideas,Data analysis or pattern discovery,Automating repetitive tasks (e.g., debugging, scheduling)",,"Rephrasing and proofreading,Communicative writing (e.g., emails, letters)",Acting as a tutor for specific subjects,,,,30,70,0,20,30,50,0,0,"During work hours,During personal free time,When solving specific problems or challenges,Whenever inspiration or need arises",,4 - Frequently,Cautiously optimistic,,"Yes ","Privacy and data security,Ethical implications (e.g., bias, misuse),Over-reliance on AI",,70,Somewhat satisfied,4 - Often,4 - Often,2 - Rarely,4 - Significantly,-
2024-12-03 13:01:22,2024-12-03 13:06:18,IP Address,88.243.154.181,100,295,True,2024-12-03 13:06:18,R_2meoh5BhO9NzrJL,,,,,41.03,28.9601,anonymous,EN,Male,,Business and Management,,3 - Intermediate,"ChatGPT,AI-based analytics tools (e.g., Tableau with AI features)",,"Learning complex topics,Brainstorming ideas,Creative projects (e.g., art, music, storytelling),Professional development (e.g., career advice, networking tips),Entertainment (e.g., games, trivia)",,,Summarizing information,,Customer engagement and marketing,,69,55,46,26,56,32,72,12,"During work hours,When solving specific problems or challenges,Whenever inspiration or need arises",,3 - Occasionally,Excited about their potential,,No,,,60,Neither satisfied nor dissatisfied,3 - Sometimes,4 - Often,4 - Often,2 - Slightly,"Better Customization "
2024-12-03 13:02:49,2024-12-03 13:10:44,IP Address,1.164.111.7,100,475,True,2024-12-03 13:10:45,R_4rkYNt8l4gp8Pba,,,,,24.8065,120.9706,anonymous,EN,Male,,"Science, Technology, Engineering, and Mathematics",,5 - Expert,"ChatGPT,Other (please specify)",claude,"Learning complex topics,Writing tasks (e.g., emails, resumes, essays, reports),Brainstorming ideas,Data analysis or pattern discovery,Automating repetitive tasks (e.g., debugging, scheduling),Professional development (e.g., career advice, networking tips)",,"Rephrasing and proofreading,Communicative writing (e.g., emails, letters)",Explaining technical concepts,,"Productivity enhancement (e.g., scheduling, organizing)",,100,70,0,60,0,40,0,0,"During work hours,When solving specific problems or challenges",,5 - Very Frequently,Cautiously optimistic,,No,,,70,Somewhat satisfied,4 - Often,4 - Often,3 - Sometimes,2 - Slightly,PowerPoint creating
2024-12-03 12:58:00,2024-12-03 13:12:07,IP Address,84.115.223.184,100,846,True,2024-12-03 13:12:07,R_8q3PYgpxkgUEe6L,,,,,48.217,16.3944,anonymous,EN,Male,,Law and Legal Studies,,3 - Intermediate,Other (please specify),AIssociate.at,"Learning complex topics,Writing tasks (e.g., emails, resumes, essays, reports)",,"Communicative writing (e.g., emails, letters)",Acting as a tutor for specific subjects,,,,33,9,,75,75,91,19,6,"During personal free time,When solving specific problems or challenges,Whenever inspiration or need arises",,1 - Never,Other (please specify),"Concerned of the ability to slander someone with AI based videos/voice recording, but very helpful for daily tasks",No,,,50,Somewhat satisfied,5 - Always,3 - Sometimes,3 - Sometimes,2 - Slightly,"Writing meaningful summaries for some documents and also equipped with more knowledge about specific topics "
2024-12-03 13:11:19,2024-12-03 13:15:08,IP Address,178.190.189.237,100,228,True,2024-12-03 13:15:08,R_2mFq5e5NeOZv9IJ,,,,,48.2155,16.3075,anonymous,EN,Female,,Business and Management,,3 - Intermediate,"ChatGPT,AI-based writing assistants (e.g., Grammarly)",,"Learning complex topics,Writing tasks (e.g., emails, resumes, essays, reports),Brainstorming ideas,Professional development (e.g., career advice, networking tips)",,"Grammar and spelling checks,Rephrasing and proofreading,Creating outlines,Communicative writing (e.g., emails, letters),Creative writing (e.g., stories, poetry)",Explaining technical concepts,,"Productivity enhancement (e.g., scheduling, organizing)",,90,21,,63,6,100,2,4,"During work hours,When solving specific problems or challenges,Whenever inspiration or need arises",,1 - Never,Neutral,,No,,,60,Somewhat satisfied,3 - Sometimes,4 - Often,4 - Often,2 - Slightly,"Academic writing and bring insights "
2024-12-03 13:17:40,2024-12-03 13:29:03,IP Address,178.190.189.237,100,683,True,2024-12-03 13:29:04,R_2eKrhsFpdOz720z,,,,,48.2155,16.3075,anonymous,EN,Male,,"Information Technology (e.g., software development, cybersecurity)",,4 - Advanced,"ChatGPT,Other (please specify)",Claude,"Learning complex topics,Writing tasks (e.g., emails, resumes, essays, reports),Automating repetitive tasks (e.g., debugging, scheduling)",,"Grammar and spelling checks,Rephrasing and proofreading",Explaining technical concepts,,,,0,0,100,80,25,60,5,0,"During work hours,When solving specific problems or challenges",,5 - Very Frequently,Excited about their potential,,No,,,60,Extremely satisfied,4 - Often,4 - Often,3 - Sometimes,5 - Completely,The ability to execute code by itself and being able to really debug.
2024-12-03 17:49:07,2024-12-03 17:53:44,IP Address,114.136.4.40,100,277,True,2024-12-03 17:53:45,R_4DU8m4DN1HqnAat,,,,,25.0504,121.5324,anonymous,EN,Male,,Education and Teaching,,3 - Intermediate,"ChatGPT,AI-based writing assistants (e.g., Grammarly)",,"Writing tasks (e.g., emails, resumes, essays, reports),Brainstorming ideas,Data analysis or pattern discovery",,"Grammar and spelling checks,Rephrasing and proofreading",,,,,100,100,100,70,50,70,40,10,"During work hours,During personal free time,When solving specific problems or challenges",,3 - Occasionally,Cautiously optimistic,,"Yes ","Privacy and data security,Ethical implications (e.g., bias, misuse),Over-reliance on AI",,80,Somewhat satisfied,2 - Rarely,3 - Sometimes,2 - Rarely,3 - Moderately,"Analysis "
2024-12-03 22:06:23,2024-12-03 22:23:29,IP Address,180.217.70.254,100,1026,True,2024-12-03 22:23:30,R_4ariyLS0UWVo5jr,,,,,22.6148,120.3139,anonymous,EN,Male,,"Science, Technology, Engineering, and Mathematics",,2 - Beginner,"ChatGPT,Other (please specify)",claude,"Writing tasks (e.g., emails, resumes, essays, reports),Brainstorming ideas,Data analysis or pattern discovery,Creative projects (e.g., art, music, storytelling),Professional development (e.g., career advice, networking tips)",,"Creating outlines,Communicative writing (e.g., emails, letters),Creative writing (e.g., stories, poetry)",,,Strategic advice or planning,,50,50,0,50,0,50,0,0,"During work hours,When solving specific problems or challenges",,3 - Occasionally,Concerned about ethical implications,,"Yes ",Over-reliance on AI,,80,Neither satisfied nor dissatisfied,3 - Sometimes,3 - Sometimes,3 - Sometimes,1 - Not at all,"more accurate answer "
2024-12-04 05:59:12,2024-12-04 06:02:13,IP Address,77.119.197.199,100,181,True,2024-12-04 06:02:14,R_8aefWj3l2GtTXIB,,,,,48.1436,16.2941,anonymous,EN,Male,,Business and Management,,4 - Advanced,ChatGPT,,"Learning complex topics,Writing tasks (e.g., emails, resumes, essays, reports),Brainstorming ideas,Data analysis or pattern discovery,Automating repetitive tasks (e.g., debugging, scheduling)",,"Grammar and spelling checks,Rephrasing and proofreading,Creating outlines,Communicative writing (e.g., emails, letters)",Explaining technical concepts,,,,80,20,0,40,20,40,0,0,"During work hours,During personal free time,When solving specific problems or challenges",,2 - Rarely,Neutral,,No,,,80,Somewhat satisfied,3 - Sometimes,3 - Sometimes,3 - Sometimes,3 - Moderately,none
2024-12-04 08:02:03,2024-12-04 08:09:25,IP Address,185.213.82.232,100,442,True,2024-12-04 08:09:27,R_4KiQzbvjoxJGDrg,,,,,25.0504,121.5324,anonymous,EN,Male,,"Social Sciences (e.g., psychology, sociology, political science)",,3 - Intermediate,ChatGPT,,"Learning complex topics,Brainstorming ideas,Data analysis or pattern discovery,Mental health support,Professional development (e.g., career advice, networking tips)",,,Other (please specify),Soundboard for ideas and helping in revising writing,Other (please specify),"Advice writing my resume and workshopping it to be professional ",80,60,45,65,75,80,55,0,"During personal free time,Whenever inspiration or need arises,Other (please specify)","When I have a question ",1 - Never,Cautiously optimistic,,"Yes ","Over-reliance on AI,Other (please specify)","If I ask it to make too many decisions, I’ll stop making them for myself",60,Neither satisfied nor dissatisfied,4 - Often,3 - Sometimes,4 - Often,3 - Moderately,"Some questions are just personal inquiries and don’t require a whole essay. Otherwise, maybe it is hard to read and understand sometimes? But that may be a motivation issue not a design problem"
2024-12-04 08:51:16,2024-12-04 08:54:17,IP Address,209.253.215.24,100,180,True,2024-12-04 08:54:18,R_1oifiI80RGGBBfu,,,,,34.5285,-83.9854,anonymous,EN,Male,,Humanities and Arts,,2 - Beginner,DALL-E,,"Entertainment (e.g., games, trivia)",,,,,,,0,0,0,0,0,0,0,0,Whenever inspiration or need arises,,1 - Never,Concerned about ethical implications,,"Yes ","Privacy and data security,Ethical implications (e.g., bias, misuse),Over-reliance on AI,Lack of transparency in how AI works",,100,Somewhat satisfied,4 - Often,5 - Always,5 - Always,5 - Completely,"Transparency "
2024-12-04 09:53:28,2024-12-04 10:18:52,IP Address,185.104.136.135,100,1524,True,2024-12-04 10:18:53,R_82L7OExAsuLofol,,,,,51.7345,-3.4835,anonymous,EN,Male,,"Science, Technology, Engineering, and Mathematics",,3 - Intermediate,"ChatGPT,AI-based writing assistants (e.g., Grammarly)",,"Learning complex topics,Writing tasks (e.g., emails, resumes, essays, reports),Brainstorming ideas,Data analysis or pattern discovery,Automating repetitive tasks (e.g., debugging, scheduling),Creative projects (e.g., art, music, storytelling),Professional development (e.g., career advice, networking tips)",,"Grammar and spelling checks,Rephrasing and proofreading,Creating outlines,Communicative writing (e.g., emails, letters)",Simulations or interactive learning,,"Productivity enhancement (e.g., scheduling, organizing)",,50,40,57,75,14,80,8,9,"During work hours,When solving specific problems or challenges,Whenever inspiration or need arises",,5 - Very Frequently,Cautiously optimistic,,"Yes ","Privacy and data security,Over-reliance on AI",,30,Somewhat satisfied,2 - Rarely,2 - Rarely,4 - Often,3 - Moderately,"Great understanding "
2024-12-04 20:21:10,2024-12-04 20:27:41,IP Address,104.28.128.13,100,391,True,2024-12-04 20:27:42,R_45nLr7dWZKxt2Vj,,,,,24.144,120.6844,anonymous,EN,Male,,"Science, Technology, Engineering, and Mathematics",,3 - Intermediate,ChatGPT,,"Data analysis or pattern discovery,Automating repetitive tasks (e.g., debugging, scheduling)",,,,,,,,,53,50,0,50,0,0,"During work hours,When solving specific problems or challenges",,5 - Very Frequently,Excited about their potential,,No,,,70,Neither satisfied nor dissatisfied,3 - Sometimes,3 - Sometimes,2 - Rarely,2 - Slightly,"Coding "
2024-12-05 15:51:34,2024-12-05 16:13:28,IP Address,84.115.214.58,100,1313,True,2024-12-05 16:13:29,R_89BDyWzDf8ANXMd,,,,,48.1436,16.2941,anonymous,EN,Male,,Business and Management,,2 - Beginner,ChatGPT,,"Learning complex topics,Writing tasks (e.g., emails, resumes, essays, reports),Brainstorming ideas,Data analysis or pattern discovery",,"Grammar and spelling checks,Rephrasing and proofreading,Communicative writing (e.g., emails, letters)",Acting as a tutor for specific subjects,,,,75,57,50,48,5,84,4,3,When solving specific problems or challenges,,4 - Frequently,Neutral,,No,,,55,Somewhat satisfied,3 - Sometimes,2 - Rarely,4 - Often,2 - Slightly,bilder reingeben können
2024-12-02 13:04:55,2024-12-02 13:51:48,IP Address,83.215.37.181,48,2812,False,2024-12-09 13:51:49,R_2us96ZVcl74f1GO,,,,,,,anonymous,EN,Female,,Marketing and Advertising,,2 - Beginner,"ChatGPT,Other (please specify)",AI features in Canva,"Writing tasks (e.g., emails, resumes, essays, reports),Creative projects (e.g., art, music, storytelling)",,Rephrasing and proofreading,,,,,0,0,100,,,,,,,,,,,,,,,,,,,,
2024-12-02 23:27:05,2024-12-03 01:13:29,IP Address,104.28.130.5,48,6384,False,2024-12-10 01:13:30,R_2R2KVThsIpGewZY,,,,,,,anonymous,EN,Female,,"Science, Technology, Engineering, and Mathematics",,3 - Intermediate,"ChatGPT,Other (please specify)","Study tools like pdf2anki or mindgrasp ","Learning complex topics,Mental health support,Professional development (e.g., career advice, networking tips)",,,Explaining technical concepts,,Strategic advice or planning,,30,100,,,,,,,,,,,,,,,,,,,,,
2024-12-03 05:06:10,2024-12-03 05:09:16,IP Address,1.169.156.72,14,185,False,2024-12-10 05:09:19,R_48H77dYlOARbH2s,,,,,,,anonymous,EN,Female,,Other (please specify),Languagey,,,,,,,,,,,,,,,,,,,,,,,,,,,,,,,,,
2024-12-03 05:04:28,2024-12-03 05:09:53,IP Address,223.136.156.56,24,325,False,2024-12-10 05:09:59,R_45KggZg3VxUT9Ro,,,,,,,anonymous,EN,Male,,Other (please specify),,2 - Beginner,ChatGPT,,,,,,,,,,,,,,,,,,,,,,,,,,,,,,,
2024-12-03 05:39:51,2024-12-03 05:41:07,IP Address,77.119.193.223,24,76,False,2024-12-10 05:41:10,R_2czQxOzgyOPJfTt,,,,,,,anonymous,EN,Female,,Business and Management,,3 - Intermediate,ChatGPT,,,,,,,,,,,,,,,,,,,,,,,,,,,,,,,
2024-12-03 07:30:00,2024-12-03 07:33:47,IP Address,84.115.209.171,48,227,False,2024-12-10 07:33:48,R_8090ls12WCIAbZU,,,,,,,anonymous,EN,Female,,Education and Teaching,,3 - Intermediate,"ChatGPT,AI-based writing assistants (e.g., Grammarly)",,"Writing tasks (e.g., emails, resumes, essays, reports),Brainstorming ideas",,"Grammar and spelling checks,Rephrasing and proofreading",,,,,60,40,,,,,,,,,,,,,,,,,,,,,
2024-12-03 02:55:48,2024-12-03 11:03:56,IP Address,138.246.3.72,24,29288,False,2024-12-10 11:03:57,R_84Qs4osbAnT59Dj,,,,,,,anonymous,EN,Female,,"Social Sciences (e.g., psychology, sociology, political science)",,5 - Expert,"ChatGPT,Other (please specify)",ena,,,,,,,,,,,,,,,,,,,,,,,,,,,,,,
2024-12-03 12:05:56,2024-12-03 12:06:08,IP Address,174.195.81.110,5,12,False,2024-12-10 12:06:12,R_7YzTJbDYQm0ip1M,,,,,,,anonymous,EN,,,,,,,,,,,,,,,,,,,,,,,,,,,,,,,,,,,,,
2024-12-03 12:37:21,2024-12-03 12:37:25,IP Address,78.104.193.185,5,3,False,2024-12-10 12:37:25,R_8sG55IuMprCSfrX,,,,,,,anonymous,EN,,,,,,,,,,,,,,,,,,,,,,,,,,,,,,,,,,,,,
2024-12-03 13:10:55,2024-12-03 13:10:59,IP Address,1.164.111.7,5,3,False,2024-12-10 13:11:07,R_424obMUycdXbLxg,,,,,,,anonymous,EN,,,,,,,,,,,,,,,,,,,,,,,,,,,,,,,,,,,,,
2024-12-04 00:00:57,2024-12-04 00:02:03,IP Address,73.71.73.108,48,65,False,2024-12-11 00:02:09,R_3doVYN5erzlIYFa,,,,,,,anonymous,EN,Male,,"Science, Technology, Engineering, and Mathematics",,4 - Advanced,"ChatGPT,MidJourney,DALL-E",,"Learning complex topics,Writing tasks (e.g., emails, resumes, essays, reports),Brainstorming ideas,Creative projects (e.g., art, music, storytelling),Professional development (e.g., career advice, networking tips)",,"Grammar and spelling checks,Rephrasing and proofreading",Explaining technical concepts,,Strategic advice or planning,,,,,,,,,,,,,,,,,,,,,,,,
2024-12-04 04:38:14,2024-12-04 04:39:22,IP Address,193.197.8.143,29,68,False,2024-12-11 04:39:29,R_2PbMMTufaMmrJiI,,,,,,,anonymous,EN,Female,,Business and Management,,2 - Beginner,"ChatGPT,AI-based writing assistants (e.g., Grammarly)",,"Learning complex topics,Writing tasks (e.g., emails, resumes, essays, reports),Brainstorming ideas,Creative projects (e.g., art, music, storytelling),Professional development (e.g., career advice, networking tips)",,,,,,,,,,,,,,,,,,,,,,,,,,,,,
2024-12-02 15:23:47,2024-12-04 05:58:41,IP Address,77.119.197.199,14,138894,False,2024-12-11 04:54:39,R_2mPmco6YE3ZhrQi,,,,,,,anonymous,EN,Female,,Business and Management,,,,,,,,,,,,,,,,,,,,,,,,,,,,,,,,,,
